decade,rank_in_decade,driver_name,starts,wins,win_rate_pct
1950,1,"Juan Fangio",51,24,47.06
1950,2,"Alberto Ascari",32,13,40.63
1950,3,"Tony Brooks",24,6,25.00
1960,1,"Jim Clark",72,25,34.72
1960,2,"Jackie Stewart",50,11,22.00
1960,3,"Graham Hill",97,14,14.43
1970,1,"Jackie Stewart",50,16,32.00
1970,2,"Niki Lauda",115,17,14.78
1970,3,"Mario Andretti",93,12,12.90
1980,1,"Alain Prost",155,39,25.16
1980,2,"Ayrton Senna",95,20,21.05
1980,3,"Alan Jones",50,7,14.00
1990,1,"Ayrton Senna",67,21,31.34
1990,2,"Nigel Mansell",54,16,29.63
1990,3,"Michael Schumacher",128,35,27.34
2000,1,"Michael Schumacher",122,56,45.90
2000,2,"Lewis Hamilton",52,11,21.15
2000,3,"Mika Häkkinen",34,6,17.65
2010,1,"Lewis Hamilton",198,73,36.87
2010,2,"Sebastian Vettel",198,48,24.24
2010,3,"Nico Rosberg",136,23,16.91
2020,1,"Max Verstappen",142,63,44.37
2020,2,"Andrea Kimi Antonelli",35,6,17.14
2020,3,"Lewis Hamilton",141,22,15.60
