decade,grid_group,starts,wins,win_rate_pct,podiums,podium_rate_pct
1950,Pole,76,34,44.74,41,53.95
1950,P2-P3,156,29,18.59,77,49.36
1950,P4-P10,564,11,1.95,100,17.73
1950,P11+,933,3,0.32,22,2.36
1960,Pole,99,37,37.37,48,48.48
1960,P2-P3,198,34,17.17,78,39.39
1960,P4-P10,696,25,3.59,147,21.12
1960,P11+,902,3,0.33,25,2.77
1970,Pole,144,53,36.81,76,52.78
1970,P2-P3,289,50,17.30,120,41.52
1970,P4-P10,1006,35,3.48,189,18.79
1970,P11+,2017,6,0.30,47,2.33
1980,Pole,156,44,28.21,75,48.08
1980,P2-P3,312,52,16.67,135,43.27
1980,P4-P10,1091,57,5.22,213,19.52
1980,P11+,2373,3,0.13,45,1.90
1990,Pole,162,69,42.59,102,62.96
1990,P2-P3,324,67,20.68,176,54.32
1990,P4-P10,1136,22,1.94,187,16.46
1990,P11+,2271,4,0.18,21,0.92
2000,Pole,174,87,50.00,131,75.29
2000,P2-P3,348,56,16.09,189,54.31
2000,P4-P10,1218,26,2.13,172,14.12
2000,P11+,1895,5,0.26,30,1.58
2010,Pole,198,100,50.51,161,81.31
2010,P2-P3,395,79,20.00,234,59.24
2010,P4-P10,1385,17,1.23,177,12.78
2010,P11+,2291,2,0.09,22,0.96
2020,Pole,142,80,56.34,112,78.87
2020,P2-P3,283,42,14.84,174,61.48
2020,P4-P10,991,18,1.82,121,12.21
2020,P11+,1387,2,0.14,19,1.37
